{"cameraMode":{"drawMode":0,"name":"Shaded","section":"Shading Mode"},"sceneLighting":true,"audioPlay":false,"sceneViewState":{"m_AlwaysRefresh":false,"showFog":true,"showSkybox":true,"showFlares":true,"showImageEffects":true,"showParticleSystems":true,"showVisualEffectGraphs":true,"m_FxEnabled":true},"in2DMode":false,"pivot":{"x":-0.9014802575111389,"y":0.1582942008972168,"z":0.398120641708374},"rotation":{"x":-0.012826197780668736,"y":-0.9539336562156677,"z":0.29698002338409426,"w":-0.041248954832553866},"size":3.6740260124206545,"orthographic":false}