{"cameraMode":{"drawMode":0,"name":"Shaded","section":"Shading Mode"},"sceneLighting":true,"audioPlay":false,"sceneViewState":{"m_AlwaysRefresh":false,"showFog":true,"showSkybox":true,"showFlares":true,"showImageEffects":true,"showParticleSystems":true,"showVisualEffectGraphs":true,"m_FxEnabled":true},"in2DMode":false,"pivot":{"x":4.655374526977539,"y":2.844630718231201,"z":1.7724558115005494},"rotation":{"x":0.05900239199399948,"y":0.8563581705093384,"z":-0.5032405257225037,"w":0.10006830841302872},"size":33.718414306640628,"orthographic":false}