{"cameraMode":{"drawMode":0,"name":"Shaded","section":"Shading Mode"},"sceneLighting":true,"audioPlay":false,"sceneViewState":{"m_AlwaysRefresh":false,"showFog":true,"showSkybox":true,"showFlares":true,"showImageEffects":true,"showParticleSystems":true,"showVisualEffectGraphs":true,"m_FxEnabled":true},"in2DMode":false,"pivot":{"x":-9.829679489135743,"y":-0.0000019073486328125,"z":6.200794219970703},"rotation":{"x":-0.04678723216056824,"y":0.9297945499420166,"z":-0.34236881136894228,"w":-0.12714096903800965},"size":0.8660283088684082,"orthographic":false}